[{"ua":"Mozilla/5.0 (compatible; Googlebot/2.1; +http://www.google.com/bot.html)","browser":{},"engine":{},"os":{},"device":{},"cpu":{}},{"ua":"Mozilla/5.0 (compatible; Bingbot/2.0; +http://www.bing.com/bingbot.htm)","browser":{},"engine":{},"os":{},"device":{},"cpu":{}},{"ua":"DuckDuckBot/1.0; (+http://duckduckgo.com/duckduckbot.html)","browser":{},"engine":{},"os":{},"device":{},"cpu":{}},{"ua":"Mozilla/5.0 (compatible; YandexBot/3.0; +http://yandex.com/bots)","browser":{},"engine":{},"os":{},"device":{},"cpu":{}},{"ua":"Mozilla/5.0 (compatible; Exabot/3.0; +http://www.exabot.com/go/robot)","browser":{},"engine":{},"os":{},"device":{},"cpu":{}},{"ua":"Mozilla/5.0 (compatible; DotBot/1.1; http://www.opensiteexplorer.org/dotbot, help@moz.com)","browser":{},"engine":{},"os":{},"device":{},"cpu":{}},{"ua":"Mozilla/5.0 (compatible; YandexBot/3.0; +http://yandex.com/bots)","browser":{},"engine":{},"os":{},"device":{},"cpu":{}},{"ua":"Mozilla/5.0 (compatible; Qwantify/Bleriot/1.1; +https://help.qwant.com/bot)","browser":{},"engine":{},"os":{},"device":{},"cpu":{}},{"ua":"Mozilla/5.0 (compatible; SemrushBot/3~bl; +http://www.semrush.com/bot.html)","browser":{},"engine":{},"os":{},"device":{},"cpu":{}},{"ua":"Mozilla/5.0 (compatible; DotBot/1.1; http://www.opensiteexplorer.org/dotbot, help@moz.com)","browser":{},"engine":{},"os":{},"device":{},"cpu":{}},{"ua":"Mozilla/5.0 (compatible; bingbot/2.0; +http://www.bing.com/bingbot.htm)","browser":{},"engine":{},"os":{},"device":{},"cpu":{}},{"ua":"Mozilla/5.0 (compatible; Linux x86_64; Mail.RU_Bot/2.0; +http://go.mail.ru/help/robots)","browser":{},"engine":{},"os":{"name":"Linux","version":"x86_64"},"device":{},"cpu":{"architecture":"amd64"}},{"ua":"Mozilla/5.0 (compatible; AhrefsBot/6.1; +http://ahrefs.com/robot/)","browser":{},"engine":{},"os":{},"device":{},"cpu":{}},{"ua":"Mozilla/5.0 (compatible; coccocbot-image/1.0; +http://help.coccoc.com/searchengine)","browser":{},"engine":{},"os":{},"device":{},"cpu":{}},{"ua":"Mozilla/5.0 (compatible; MJ12bot/v1.4.8; http://mj12bot.com/)","browser":{},"engine":{},"os":{},"device":{},"cpu":{}},{"ua":"Mozilla/5.0 (compatible; SeznamBot/3.2; +http://napoveda.seznam.cz/en/seznambot-intro/)","browser":{},"engine":{},"os":{},"device":{},"cpu":{}},{"ua":"Mozilla/5.0 (compatible; Googlebot/2.1; startmebot/1.0; +https://start.me/bot)","browser":{},"engine":{},"os":{},"device":{},"cpu":{}},{"ua":"Mozilla/5.0 (TweetmemeBot/4.0; +http://datasift.com/bot.html) Gecko/20100101 Firefox/31.0","browser":{"name":"Firefox","version":"31.0","major":"31"},"engine":{},"os":{},"device":{},"cpu":{}},{"ua":"Mozilla/5.0 (compatible; Googlebot/2.1; +http://www.google.com/bot.html)","browser":{},"engine":{},"os":{},"device":{},"cpu":{}},{"ua":"Mozilla/5.0 (compatible; Go-http-client/1.1; +centurybot9@gmail.com)","browser":{},"engine":{},"os":{},"device":{},"cpu":{}},{"ua":"Mozilla/5.0 (compatible; DotBot/1.1; http://www.opensiteexplorer.org/dotbot, help@moz.com)","browser":{},"engine":{},"os":{},"device":{},"cpu":{}},{"ua":"Mozilla/5.0 (compatible; SemrushBot/1.0~bm; +http://www.semrush.com/bot.html)","browser":{},"engine":{},"os":{},"device":{},"cpu":{}},{"ua":"Mozilla/5.0 (compatible; bingbot/2.0; +http://www.bing.com/bingbot.htm)","browser":{},"engine":{},"os":{},"device":{},"cpu":{}},{"ua":"Mozilla/5.0 (compatible; MJ12bot/v1.4.8; http://mj12bot.com/)","browser":{},"engine":{},"os":{},"device":{},"cpu":{}},{"ua":"Mozilla/5.0 (compatible; SemrushBot/3~bl; +http://www.semrush.com/bot.html)","browser":{},"engine":{},"os":{},"device":{},"cpu":{}},{"ua":"Mozilla/5.0 (compatible; Linux x86_64; Mail.RU_Bot/2.0; +http://go.mail.ru/help/robots)","browser":{},"engine":{},"os":{"name":"Linux","version":"x86_64"},"device":{},"cpu":{"architecture":"amd64"}},{"ua":"Mozilla/5.0 (compatible; AhrefsBot/6.1; +http://ahrefs.com/robot/)","browser":{},"engine":{},"os":{},"device":{},"cpu":{}},{"ua":"Mozilla/5.0 (compatible;contxbot/1.0)","browser":{},"engine":{},"os":{},"device":{},"cpu":{}},{"ua":"Mozilla/5.0 (compatible; AmazonAdBot/1.0; +https://adbot.amazon.com)","browser":{},"engine":{},"os":{},"device":{},"cpu":{}},{"ua":"Mozilla/5.0 AppleWebKit/537.36 (KHTML, like Gecko; compatible; Googlebot/2.1; +http://www.google.com/bot.html) Safari/537.36","browser":{"name":"Safari"},"engine":{"name":"WebKit","version":"537.36"},"os":{},"device":{},"cpu":{}},{"ua":"Mozilla/5.0 (compatible; SemrushBot/3~bl; +http://www.semrush.com/bot.html)","browser":{},"engine":{},"os":{},"device":{},"cpu":{}},{"ua":"Mozilla/5.0 (compatible; SemrushBot/1.0~bm; +http://www.semrush.com/bot.html)","browser":{},"engine":{},"os":{},"device":{},"cpu":{}},{"ua":"Mozilla/5.0 (compatible; DotBot/1.1; http://www.opensiteexplorer.org/dotbot, help@moz.com)","browser":{},"engine":{},"os":{},"device":{},"cpu":{}},{"ua":"Mozilla/5.0 (compatible; bingbot/2.0; +http://www.bing.com/bingbot.htm)","browser":{},"engine":{},"os":{},"device":{},"cpu":{}},{"ua":"Mozilla/5.0 (compatible; AhrefsBot/6.1; +http://ahrefs.com/robot/)","browser":{},"engine":{},"os":{},"device":{},"cpu":{}},{"ua":"Mozilla/5.0 (compatible; MJ12bot/v1.4.8; http://mj12bot.com/)","browser":{},"engine":{},"os":{},"device":{},"cpu":{}},{"ua":"Mozilla/5.0 (compatible; YandexBot/3.0; +http://yandex.com/bots)","browser":{},"engine":{},"os":{},"device":{},"cpu":{}},{"ua":"Mozilla/5.0 (compatible; SeznamBot/3.2; +http://napoveda.seznam.cz/en/seznambot-intro/)","browser":{},"engine":{},"os":{},"device":{},"cpu":{}},{"ua":"Mozilla/5.0 (compatible; coccocbot-web/1.0; +http://help.coccoc.com/searchengine)","browser":{},"engine":{},"os":{},"device":{},"cpu":{}},{"ua":"Mozilla/5.0 (compatible; SemrushBot/6~bl; +http://www.semrush.com/bot.html)","browser":{},"engine":{},"os":{},"device":{},"cpu":{}},{"ua":"Mozilla/5.0 (compatible; SemrushBot/6~bl; +http://www.semrush.com/bot.html)","browser":{},"engine":{},"os":{},"device":{},"cpu":{}},{"ua":"Mozilla/5.0 (compatible; bingbot/2.0; +http://www.bing.com/bingbot.htm)","browser":{},"engine":{},"os":{},"device":{},"cpu":{}},{"ua":"Mozilla/5.0 (compatible; bingbot/2.0; +http://www.bing.com/bingbot.htm)","browser":{},"engine":{},"os":{},"device":{},"cpu":{}},{"ua":"Mozilla/5.0 (compatible; DotBot/1.1; http://www.opensiteexplorer.org/dotbot, help@moz.com)","browser":{},"engine":{},"os":{},"device":{},"cpu":{}},{"ua":"Mozilla/5.0 (compatible; DotBot/1.1; http://www.opensiteexplorer.org/dotbot, help@moz.com)","browser":{},"engine":{},"os":{},"device":{},"cpu":{}},{"ua":"Mozilla/5.0 (compatible; DotBot/1.1; http://www.opensiteexplorer.org/dotbot, help@moz.com)","browser":{},"engine":{},"os":{},"device":{},"cpu":{}},{"ua":"Mozilla/5.0 (compatible; SemrushBot/6~bl; +http://www.semrush.com/bot.html)","browser":{},"engine":{},"os":{},"device":{},"cpu":{}},{"ua":"Mozilla/5.0 (compatible; SemrushBot/6~bl; +http://www.semrush.com/bot.html)","browser":{},"engine":{},"os":{},"device":{},"cpu":{}},{"ua":"Mozilla/5.0 (compatible; AhrefsBot/6.1; +http://ahrefs.com/robot/)","browser":{},"engine":{},"os":{},"device":{},"cpu":{}},{"ua":"Mozilla/5.0 (compatible; bingbot/2.0; +http://www.bing.com/bingbot.htm)","browser":{},"engine":{},"os":{},"device":{},"cpu":{}},{"ua":"Mozilla/5.0 (compatible; AhrefsBot/6.1; +http://ahrefs.com/robot/)","browser":{},"engine":{},"os":{},"device":{},"cpu":{}},{"ua":"Mozilla/5.0 (compatible; AhrefsBot/7.0; +http://ahrefs.com/robot/)","browser":{},"engine":{},"os":{},"device":{},"cpu":{}},{"ua":"Mozilla/5.0 (compatible; AhrefsBot/7.0; +http://ahrefs.com/robot/)","browser":{},"engine":{},"os":{},"device":{},"cpu":{}},{"ua":"Mozilla/5.0 (compatible; Googlebot/2.1; +http://www.google.com/bot.html)","browser":{},"engine":{},"os":{},"device":{},"cpu":{}},{"ua":"Mozilla/5.0 (compatible; bingbot/2.0; +http://www.bing.com/bingbot.htm)","browser":{},"engine":{},"os":{},"device":{},"cpu":{}},{"ua":"Mozilla/5.0 (compatible; AhrefsBot/7.0; +http://ahrefs.com/robot/)","browser":{},"engine":{},"os":{},"device":{},"cpu":{}},{"ua":"Mozilla/5.0 (compatible; Googlebot/2.1; +http://www.google.com/bot.html)","browser":{},"engine":{},"os":{},"device":{},"cpu":{}},{"ua":"Mozilla/5.0 (compatible; AhrefsBot/7.0; +http://ahrefs.com/robot/)","browser":{},"engine":{},"os":{},"device":{},"cpu":{}},{"ua":"Mozilla/5.0 (compatible; AhrefsBot/7.0; +http://ahrefs.com/robot/)","browser":{},"engine":{},"os":{},"device":{},"cpu":{}},{"ua":"Mozilla/5.0 (compatible; AhrefsBot/7.0; +http://ahrefs.com/robot/)","browser":{},"engine":{},"os":{},"device":{},"cpu":{}},{"ua":"Mozilla/5.0 (compatible; bingbot/2.0; +http://www.bing.com/bingbot.htm)","browser":{},"engine":{},"os":{},"device":{},"cpu":{}},{"ua":"Mozilla/5.0 (compatible; YandexBot/3.0; +http://yandex.com/bots)","browser":{},"engine":{},"os":{},"device":{},"cpu":{}},{"ua":"Mozilla/5.0 (compatible; YandexBot/3.0; +http://yandex.com/bots) AppleWebKit/537.36 (KHTML, like Gecko) Chrome/81.0.4044.268","browser":{"name":"Chrome","version":"81.0.4044.268","major":"81"},"engine":{"name":"Blink","version":"81.0.4044.268"},"os":{},"device":{},"cpu":{}}]