[{"ua":"Mozilla/5.0 (Windows NT 6.1; Win32; x86) AppleWebKit/537.36 (KHTML, like Gecko) Chromium/72.0.3626.96 Chrome/72.0.3626.96 Safari/537.36","browser":{"name":"Chromium","version":"72.0.3626.96","major":"72"},"engine":{"name":"Blink","version":"72.0.3626.96"},"os":{"name":"Windows","version":"7"},"device":{},"cpu":{"architecture":"ia32"}},{"ua":"Mozilla/5.0 (Windows NT 6.1; Win64; x64) AppleWebKit/537.36 (KHTML, like Gecko) Chrome/100.0.4896.60 Safari/537.36 (Chromium GOST)","browser":{"name":"Chromium","version":"GOST","major":""},"engine":{"name":"Blink","version":"100.0.4896.60"},"os":{"name":"Windows","version":"7"},"device":{},"cpu":{"architecture":"amd64"}},{"ua":"Mozilla/5.0 (Windows NT 10.0; Win64; x64) AppleWebKit/537.36 (KHTML, like Gecko) Chrome/99.0.4844.83 Safari/537.36 (Chromium GOST)","browser":{"name":"Chromium","version":"GOST","major":""},"engine":{"name":"Blink","version":"99.0.4844.83"},"os":{"name":"Windows","version":"10"},"device":{},"cpu":{"architecture":"amd64"}}]